{
  "model_path": "C:\\Users\\donar\\OneDrive\\Desktop\\0BS\\neural_models\\pid_governor.pt",
  "dataset": "C:\\Users\\donar\\OneDrive\\Desktop\\0BS\\training\\data\\pid_governor_dataset.csv",
  "samples": 26880,
  "feature_columns": [
    "error_x",
    "error_y",
    "error_distance",
    "error_direction_right",
    "error_direction_down_right",
    "error_direction_down",
    "error_direction_down_left",
    "error_direction_left",
    "error_direction_up_left",
    "error_direction_up",
    "error_direction_up_right",
    "target_width",
    "target_height",
    "target_size",
    "target_offset_x",
    "target_offset_y",
    "aim_point_error_x",
    "aim_point_error_y",
    "target_vx",
    "target_vy",
    "target_ax",
    "target_ay",
    "target_motion_still",
    "target_motion_moving",
    "cursor_vx",
    "cursor_vy",
    "previous_output_x",
    "previous_output_y",
    "pid_p_x",
    "pid_p_y",
    "pid_i_x",
    "pid_i_y",
    "pid_d_x",
    "pid_d_y",
    "closing_rate",
    "overshoot_risk",
    "dt",
    "confidence",
    "max_speed_ratio",
    "box_aspect_ratio"
  ],
  "label_columns": [
    "label_kp_scale",
    "label_ki_scale",
    "label_kd_scale",
    "label_speed_scale"
  ],
  "hidden": 72,
  "feature_mean": [
    -26.813182830810547,
    35.57637405395508,
    1187.994140625,
    0.11966335028409958,
    0.12654291093349457,
    0.1325455754995346,
    0.105739064514637,
    0.12650436162948608,
    0.12036648392677307,
    0.12525232136249542,
    0.14338591694831848,
    33.01194763183594,
    35.18208694458008,
    33.73234176635742,
    -0.007632337510585785,
    -0.2977694571018219,
    -26.813182830810547,
    35.57637405395508,
    -354.0168762207031,
    478.6502380371094,
    -264.1753845214844,
    269.9887390136719,
    0.31839683651924133,
    0.681603193283081,
    -335.43212890625,
    256.2759704589844,
    -0.3353112041950226,
    0.25520604848861694,
    -0.2279120534658432,
    0.30239906907081604,
    -0.000479469628771767,
    0.00021056401601526886,
    -0.01018935814499855,
    0.03420405462384224,
    -15069.5537109375,
    0.024430803954601288,
    0.0010000217007473111,
    0.9496323466300964,
    5.0,
    0.9680901765823364
  ],
  "feature_std": [
    1270.696044921875,
    1304.439453125,
    1380.8812255859375,
    0.25027212500572205,
    0.2713865339756012,
    0.2742052376270294,
    0.2365293800830841,
    0.27688607573509216,
    0.26400789618492126,
    0.2548614740371704,
    0.2712087631225586,
    24.762849807739258,
    26.5226993560791,
    24.555870056152344,
    39.36116409301758,
    43.72760009765625,
    1270.696044921875,
    1304.439453125,
    28946.890625,
    28919.7265625,
    45127.75,
    45037.08984375,
    0.46582117676734924,
    0.46582117676734924,
    9987.521484375,
    10349.455078125,
    9.943336486816406,
    10.291617393493652,
    10.80091667175293,
    11.087735176086426,
    0.014648868702352047,
    0.014627359807491302,
    1.7845103740692139,
    1.7557612657546997,
    26088.36328125,
    0.15436001121997833,
    5.745155431213789e-05,
    0.14931915700435638,
    9.999999974752427e-07,
    0.2640000879764557
  ],
  "best_validation_mse": 0.005135729443281889,
  "final_validation_mae": 0.03967185690999031,
  "distilled_from_gbm": false,
  "distill_weight": 0.0,
  "runtime_contract": "C++ feeds 40 raw features (exact order in feature_columns); ONNX applies normalization internally and outputs 4 sigmoid scales."
}